<hibernate-configuration>
    <session-factory>
        <property name="hibernate.connection.driver_class">com.mysql.cj.jdbc.Driver</property>
        <property name="hibernate.connection.url">jdbc:mysql://localhost:3306/ecommerce</property>
        <property name="hibernate.connection.username">root</property>
        <property name="hibernate.connection.password">shesha</property>
        <property name="hibernate.dialect">org.hibernate.dialect.MySQL8Dialect</property>
        <property name="hibernate.show_sql">true</property>
        <property name="hibernate.format_sql">true</property>
        <property name="hibernate.hbm2ddl.auto">update</property>

        <!-- Register Entity -->
        <mapping class="com.ecommerce.model.Product"/>
        <mapping class="com.ecommerce.model.Category"/>
        
    </session-factory>
</hibernate-configuration>

